9108,'LAUTARO', 91
9109,'LONCOCHE', 91
9110,'MELIPEUCO', 91
9111,'NUEVA IMPERIAL', 91
9112,'PADRE LAS CASAS', 91
9113,'PERQUENCO', 91
9114,'PITRUFQUEN', 91
9115,'PUCON', 91
9116,'SAAVEDRA', 91
9117,'TEODORO SCHMIDT', 91
9118,'TOLTEN', 91
9119,'VILCUN', 91
9120,'VILLARRICA', 91
9201,'ANGOL', 92
9202,'COLLIPULLI', 92
9203,'CURACAUTIN', 92
9204,'ERCILLA', 92
9205,'LONQUIMAY', 92
9206,'LOS SAUCES', 92
9207,'LUMACO', 92
9208,'PUREN', 92
9209,'RENAICO', 92
9210,'TRAIGUEN', 92
9211,'VICTORIA', 92
10101,'PUERTO MONTT', 101
10102,'CALBUCO', 101
10103,'COCHAMO', 101
10104,'FRESIA', 101
10105,'FRUTILLAR', 101
10106,'LOS MUERMOS', 101
10107,'LLANQUIHUE', 101
10108,'MAULLIN', 101
10109,'PUERTO VARAS', 101
10201,'CASTRO', 102
10202,'ANCUD', 102
10203,'CHONCHI', 102
10204,'CURACO DE VELEZ', 102
10205,'DALCAHUE', 102
10206,'PUQUELDON', 102
10207,'QUEILEN', 102
10208,'QUELLON', 102
10209,'QUEMCHI', 102
10210,'QUINCHAO', 102
10301,'OSORNO', 103
10302,'PUERTO OCTAY', 103
10303,'PURRANQUE', 103
10304,'PUYEHUE', 103
10305,'RIO NEGRO', 103
10306,'SAN JUAN DE LA COSTA', 103
10307,'SAN PABLO', 103
10401,'CHAITEN', 104
10402,'FUTALEUFU', 104
10403,'HUALAIHUE', 104
10404,'PALENA', 104
10501,'VALDIVIA', 105
10502,'CORRAL', 105
10503,'FUTRONO', 105
10504,'LA UNION', 105
10505,'LAGO RANCO', 105
10506,'LANCO', 105
10507,'LOS LAGOS', 105
10508,'MAFIL', 105
10509,'MARIQUINA', 105
10510,'PAILLACO', 105
10511,'PANGUIPULLI', 105
10512,'RIO BUENO', 105
16101,'CHILLAN', 161
16102,'BULNES', 161
16103,'CHILLAN VIEJO', 161
16104,'EL CARMEN', 161
16105,'PEMUCO', 161
16106,'PINTO', 161
16107,'QUILLON', 161
16108,'SAN IGNACIO', 161
16109,'YUNGAY', 161
16201,'QUIRIHUE', 162
16202,'COBQUECURA', 162
16203,'COELEMU', 162
16204,'NINHUE', 162
16205,'PORTEZUELO', 162
16206,'RANQUIL', 162
16207,'TREGUACO', 162
16301,'SAN CARLOS', 163
16302,'COIHUECO', 163
16303,'NIQUEN', 163
16304,'SAN FABIAN', 163
16305,'SAN NICOLAS', 163
11101,'COYHAIQUE', 111
11102,'LAGO VERDE', 111
11201,'AYSEN', 112
11202,'CISNES', 112
11203,'GUAITECAS', 112
11301,'COCHRANE', 113
11302,'O HIGGINS', 113
11303,'TORTEL', 113
11401,'CHILE CHICO', 114
11402,'RIO IBANEZ', 114
12101,'PUNTA ARENAS', 121
12102,'LAGUNA BLANCA', 121
12103,'RIO VERDE', 121
12104,'SAN GREGORIO', 121
12201,'CABO DE HORNOS', 122
12202,'ANTARTICA', 122
12301,'PORVENIR', 123
12302,'PRIMAVERA', 123
12303,'TIMAUKEL', 123
12401,'NATALES', 124
12402,'TORRES DEL PAINE', 124
13101,'SANTIAGO', 131
13102,'CERRILLOS', 131
13103,'CERRO NAVIA', 131
13104,'CONCHALI', 131
13105,'EL BOSQUE', 131
13106,'ESTACION CENTRAL', 131
13107,'HUECHURABA', 131
13108,'INDEPENDENCIA', 131
13109,'LA CISTERNA', 131
13110,'LA FLORIDA', 131
13111,'LA GRANJA', 131
13112,'LA PINTANA', 131
13113,'LA REINA', 131
13114,'LAS CONDES', 131
13115,'LO BARNECHEA', 131
13116,'LO ESPEJO', 131
13117,'LO PRADO', 131
13118,'MACUL', 131
13119,'MAIPU', 131
13120,'NUNOA', 131
13121,'PEDRO AGUIRRE CERDA', 131
13122,'PENALOLEN', 131
13123,'PROVIDENCIA', 131
13124,'PUDAHUEL', 131
13125,'QUILICURA', 131
13126,'QUINTA NORMAL', 131
13127,'RECOLETA', 131
13128,'RENCA', 131
13129,'SAN JOAQUIN', 131
13130,'SAN MIGUEL', 131
13131,'SAN RAMON', 131
13132,'VITACURA', 131
13201,'PUENTE ALTO', 132
13202,'PIRQUE', 132
13203,'SAN JOSE DE MAIPO', 132
13301,'COLINA', 133
13302,'LAMPA', 133
13303,'TILTIL', 133
13401,'SAN BERNARDO', 134
13402,'BUIN', 134
13403,'CALERA DE TANGO', 134
13404,'PAINE', 134
13501,'MELIPILLA', 135
13502,'ALHUE', 135
13503,'CURACAVI', 135
13504,'MARIA PINTO', 135
13505,'SAN PEDRO', 135
13601,'TALAGANTE', 136
13602,'EL MONTE', 136
13603,'ISLA DE MAIPO', 136
13604,'PADRE HURTADO', 136
13605,'PENAFLOR', 136
1101,'IQUIQUE', 11
1102,'CAMINA', 11
1103,'COLCHANE', 11
1104,'HUARA', 11
1105,'PICA', 11
1106,'POZO ALMONTE', 11
1201,'ARICA', 12
1107,'ALTO HOSPICIO', 11
8112,'HUALPEN', 81
8314,'ALTO BIO BIO', 83
9121,'CHOLCHOL', 91
14101,'VALDIVIA', 141
14102,'CORRAL', 141
14103,'LANCO', 141
14104,'LOS LAGOS', 141
14105,'MAFIL', 141
14106,'MARIQUINA', 141
14107,'PAILLACO', 141
14108,'PANGUIPULLI', 141
14201,'LA UNION', 142
14202,'FUTRONO', 142
14203,'LAGO RANCO', 142
14204,'RIO BUENO', 142
15101,'ARICA', 151
15102,'CAMARONES', 151
15201,'PUTRE', 152
15202,'GENERAL LAGOS', 152
1202,'CAMARONES', 12
1401,'POZO ALMONTE', 14
1402,'CAMINA', 14
1403,'COLCHANE', 14
1404,'HUARA', 14
1405,'PICA', 14
1301,'PUTRE', 13
1302,'GENERAL LAGOS', 13
5801,'QUILPUE', 58
5803,'OLMUE', 58
5804,'VILLA ALEMANA', 58
5802,'LIMACHE', 58
2101,'ANTOFAGASTA', 21
2102,'MEJILLONES', 21
2103,'SIERRA GORDA', 21
2104,'TALTAL', 21
2201,'CALAMA', 22
2202,'OLLAGUE', 22
2203,'SAN PEDRO DE ATACAMA', 22
2301,'TOCOPILLA', 23
2302,'MARIA ELENA', 23
3101,'COPIAPO', 31
3102,'CALDERA', 31
3103,'TIERRA AMARILLA', 31
3201,'CHANARAL', 32
3202,'DIEGO DE ALMAGRO', 32
3301,'VALLENAR', 33
3302,'ALTO DEL CARMEN', 33
3303,'FREIRINA', 33
3304,'HUASCO', 33
4101,'LA SERENA', 41
4102,'COQUIMBO', 41
4103,'ANDACOLLO', 41
4104,'LA HIGUERA', 41
4105,'PAIHUANO', 41
4106,'VICUNA', 41
4201,'ILLAPEL', 42
4202,'CANELA', 42
4203,'LOS VILOS', 42
4204,'SALAMANCA', 42
4301,'OVALLE', 43
4302,'COMBARBALA', 43
4303,'MONTE PATRIA', 43
4304,'PUNITAQUI', 43
4305,'RIO HURTADO', 43
5101,'VALPARAISO', 51
5102,'CASABLANCA', 51
5103,'CONCON', 51
5104,'JUAN FERNANDEZ', 51
5105,'PUCHUNCAVI', 51
5106,'QUILPUE', 51
5107,'QUINTERO', 51
5108,'VILLA ALEMANA', 51
5109,'VINA DEL MAR', 51
5201,'ISLA DE PASCUA', 52
5301,'LOS ANDES', 53
5302,'CALLE LARGA', 53
5303,'RINCONADA', 53
5304,'SAN ESTEBAN', 53
5401,'LA LIGUA', 54
5402,'CABILDO', 54
5403,'PAPUDO', 54
5404,'PETORCA', 54
5405,'ZAPALLAR', 54
5501,'QUILLOTA', 55
5502,'CALERA', 55
5503,'HIJUELAS', 55
5504,'LA CRUZ', 55
5505,'LIMACHE', 55
5506,'NOGALES', 55
5507,'OLMUE', 55
5601,'SAN ANTONIO', 56
5602,'ALGARROBO', 56
5603,'CARTAGENA', 56
5604,'EL QUISCO', 56
5605,'EL TABO', 56
5606,'SANTO DOMINGO', 56
5701,'SAN FELIPE', 57
5702,'CATEMU', 57
5703,'LLAYLLAY', 57
5704,'PANQUEHUE', 57
5705,'PUTAENDO', 57
5706,'SANTA MARIA', 57
6101,'RANCAGUA', 61
6102,'CODEGUA', 61
6103,'COINCO', 61
6104,'COLTAUCO', 61
6105,'DONIHUE', 61
6106,'GRANEROS', 61
6107,'LAS CABRAS', 61
6108,'MACHALI', 61
6109,'MALLOA', 61
6110,'MOSTAZAL', 61
6111,'OLIVAR', 61
6112,'PEUMO', 61
6113,'PICHIDEGUA', 61
6114,'QUINTA DE TILCOCO', 61
6115,'RENGO', 61
6116,'REQUINOA', 61
6117,'SAN VICENTE', 61
6201,'PICHILEMU', 62
6202,'LA ESTRELLA', 62
6203,'LITUECHE', 62
6204,'MARCHIGUE', 62
6205,'NAVIDAD', 62
6206,'PAREDONES', 62
6301,'SAN FERNANDO', 63
6302,'CHEPICA', 63
6303,'CHIMBARONGO', 63
6304,'LOLOL', 63
6305,'NANCAGUA', 63
6306,'PALMILLA', 63
6307,'PERALILLO', 63
6308,'PLACILLA', 63
6309,'PUMANQUE', 63
6310,'SANTA CRUZ', 63
7101,'TALCA', 71
7102,'CONSTITUCION', 71
7103,'CUREPTO', 71
7104,'EMPEDRADO', 71
7105,'MAULE', 71
7106,'PELARCO', 71
7107,'PENCAHUE', 71
7108,'RIO CLARO', 71
7109,'SAN CLEMENTE', 71
7110,'SAN RAFAEL', 71
7201,'CAUQUENES', 72
7202,'CHANCO', 72
7203,'PELLUHUE', 72
7301,'CURICO', 73
7302,'HUALANE', 73
7303,'LICANTEN', 73
7304,'MOLINA', 73
7305,'RAUCO', 73
7306,'ROMERAL', 73
7307,'SAGRADA FAMILIA', 73
7308,'TENO', 73
7309,'VICHUQUEN', 73
7401,'LINARES', 74
7402,'COLBUN', 74
7403,'LONGAVI', 74
7404,'PARRAL', 74
7405,'RETIRO', 74
7406,'SAN JAVIER', 74
7407,'VILLA ALEGRE', 74
7408,'YERBAS BUENAS', 74
8101,'CONCEPCION', 81
8102,'CORONEL', 81
8103,'CHIGUAYANTE', 81
8104,'FLORIDA', 81
8105,'HUALQUI', 81
8106,'LOTA', 81
8107,'PENCO', 81
8108,'SAN PEDRO DE LA PAZ', 81
8109,'SANTA JUANA', 81
8110,'TALCAHUANO', 81
8111,'TOME', 81
8201,'LEBU', 82
8202,'ARAUCO', 82
8203,'CANETE', 82
8204,'CONTULMO', 82
8205,'CURANILAHUE', 82
8206,'LOS ALAMOS', 82
8207,'TIRUA', 82
8301,'LOS ANGELES', 83
8302,'ANTUCO', 83
8303,'CABRERO', 83
8304,'LAJA', 83
8305,'MULCHEN', 83
8306,'NACIMIENTO', 83
8307,'NEGRETE', 83
8308,'QUILACO', 83
8309,'QUILLECO', 83
8310,'SAN ROSENDO', 83
8311,'SANTA BARBARA', 83
8312,'TUCAPEL', 83
8313,'YUMBEL', 83
8401,'CHILLAN', 84
8402,'BULNES', 84
8403,'COBQUECURA', 84
8404,'COELEMU', 84
8405,'COIHUECO', 84
8406,'CHILLAN VIEJO', 84
8407,'EL CARMEN', 84
8408,'NINHUE', 84
8409,'NIQUEN', 84
8410,'PEMUCO', 84
8411,'PINTO', 84
8412,'PORTEZUELO', 84
8413,'QUILLON', 84
8414,'QUIRIHUE', 84
8415,'RANQUIL', 84
8416,'SAN CARLOS', 84
8417,'SAN FABIAN', 84
8418,'SAN IGNACIO', 84
8419,'SAN NICOLAS', 84
8420,'TREGUACO', 84
8421,'YUNGAY', 84
9101,'TEMUCO', 91
9102,'CARAHUE', 91
9103,'CUNCO', 91
9104,'CURARREHUE', 91
9105,'FREIRE', 91
9106,'GALVARINO', 91
9107,'GORBEA', 91