9075,0,null,5601106,"CET LAS ROSAS",null,null,5601,"PAULA RUBIO FUENZALIDA","1",null,null," ",null,null,null,null,null,null,"035/2232950 035/2233567",null,null,"LUCIA SUBERCASEUX 158 LLOLLEO SAN ANTONIO",null,null,"0","0","0",null,null
9076,0,null,1402005,"CEBOLLITAS",null,null,1402,"INGRID VIZA AGUILAR","1",null,null," ",null,null,null,null,null,null,null,null,null,"FRANCIA S-N",null,null,"0","0","0",null,null
9077,0,null,8111009,"LUCERITO",null,null,8111,"MARITZA AVILA MORA","1",null,null," ",null,null,null,null,null,null,null,null,null,"POB. LOS TILOS, ARBOLEDA S/N BELLAVISTA",null,null,"0","0","0",null,null
9078,0,null,7110008,"JARDIN A DISTANCIA SAN RAFAEL",null,null,7110,"JANET OLIVARES ARAYA","1",null,null," ",null,null,null,null,null,null,null,null,null,"MUNICIPALIDAD SAN RAFAEL",null,null,"0","0","0",null,null
9079,0,null,10501030,"PILLMAIQUEN",null,null,10501,"CAROLINA AQUEVEQUE SANTANA","1",null,null," ",null,null,null,null,null,null,null,null,null,"LOS PELLINES",null,null,"0","0","0",null,null
9080,0,null,13122032,"CRISTO JOVEN",null,null,13122,"RAQUEL VALDES","1",null,null," ",null,null,null,null,null,null,"2728144",null,null,"GENERAL SAQUEDANO 2285 SIMON BOLIVAR",null,null,"0","0","0",null,null
9081,0,null,10205060,"MIS PRIMEROS PASITOS",null,null,10205,"MARISOL ALVAREZ ARIAS","1",null,null," ",null,null,null,null,null,null,"65-641295",null,null,"RAMON FREIRE S/N",null,null,"0","0","0",null,null
9082,0,null,5401111,"JARDIN FAMILIAR PICHICUY",null,null,5401,"SUSANA PENA FOLLIOT","1",null,null," ",null,null,null,null,null,null,null,null,null,"AVDA.EL BOSQUE S/N CALETA PICHICUY.ESCUELA G17",null,null,"0","0","0",null,null
9083,0,null,5109010,"NUESTRA SE@ORA DE LA PAZ",null,null,5109,"JENNIFER TORRES ORELLANA.","1",null,null," ",null,null,null,null,null,null,"32/3192901 - 32/2971990",null,null,"24 NORTE 1115, SANTA INES, VI@A DEL MAR",null,null,"0","0","0",null,null
9084,33535,5,5401110,"LOS PECESITOS",null,null,5401,"INGRID BARRIOS-CINTHIA MENCIA","1",null,null," ",null,null,null,null,null,null,"09 44914880",null,null,"AV.EL BOSQUE S/N,CALETA PICHICUY. ESC. G-17",null,null,"0","0","0",null,null
9085,0,null,5603102,"CARITA DE LUNA",null,null,5603,"MARGARITA DIAZ ACEVEDO","1",null,null," ",null,null,null,null,null,null,"094376398 PRESIDENTA.",null,null,"AVDA.JOSE ARELLANO SITIO 7 CARTAGENA.",null,null,"0","0","0",null,null
9086,0,null,6111201,"LOS PITUFOS",null,null,6111,"VANIA DAZA BAEZA","1",null,null," ",null,null,null,null,null,null,"89094311",null,null,"CALLE JULIO MONT RUTA 40 OLIVAR BAJO",null,null,"0","0","0",null,null
9087,35555,0,13112022,"TIERRA DE NINOS",null,null,13112,"YOSELYN ORELLANA VERA","1",null,null," ",null,null,null,null,null,null,"2 25432174",null,null,"VENANCIA LEIVA 1309",null,null,"0","0","0",null,null
9088,35556,9,13112023,"MONSE?OR SANTIAGO TAPIA",null,null,13112,"SARA MIRANDA","1",null,null," ",null,null,null,null,null,null,"2 25457529",null,null,"BATALLON CHACABUCO 02791",null,null,"0","0","0",null,null
9089,35790,1,13127010,"JESUS DE BELEN",null,null,13127,"VERONICA CHACON GOMEZ","1",null,null," ",null,null,null,null,null,null,"2 26296443",null,null,"AVDA RECOLETA 4101",null,null,"0","0","0",null,null
9090,0,null,1101028,"PURUM  NAIRA",null,null,1101,"LESLIA FERNANDEZ MORALES","1",null,null," ",null,null,null,null,null,null,"491751",null,null,"SANTA ROSA CON LA PAMPA",null,null,"0","0","0",null,null
9091,34361,7,8111010,"HOJITAS DE PARRA",null,null,8111,"VALERIA MAYORGA OSORIO","1",null,null," ",null,null,null,null,null,null,"09 68460598",null,null,"AVENIDA CARDENAL SAMOREY SN PUNTA DE PARRA",null,null,"0","0","0",null,null
9092,0,null,9120013,"AFUNALHUE",null,null,9120,"LUZ CORINA REYES PARRA","1",null,null," ",null,null,null,null,null,null,null,null,null,"ESCUELA VALLES DE AFUNALHUE N 16",null,null,"0","0","0",null,null
9093,0,null,2101036,"SALA CUNA CONSULTORIO RENDIC",null,null,2101,"ESTER CALLUPI","1",null,null," ",null,null,null,null,null,null,"216948",null,null,"AVENIDA RENDIC SN",null,null,"0","0","0",null,null
9094,41032,2,12101021,"SUE?OS DE INFACNCIA",null,null,12101,"DENISSE GUERRA MARTINEZ","1",null,null," ",null,null,null,null,null,null,"61 2244549|09 40205280",null,null,"CIRUJANO VIDELA 48  PUNTA ARENAS",null,null,"0","0","0",null,null
9095,0,null,9101043,"NUEVA ESPERANZA",null,null,9101,"MARIA QABIGAIL ALBARRAN","1",null,null," ",null,null,null,null,null,null,null,null,null,"IGLESIA NUEVA ESPERANZA, SECTOR LANIN COPA DE AGUA",null,null,"0","0","0",null,null
9096,0,null,13111017,"LA GRANJA-PENDIENTE",null,null,13111,"PATRICIA CONTRERAS","1",null,null," ",null,null,null,null,null,null,"5435905",null,null,"CALLE SOCOROMA 0435 POBL. LAGO  CHUNGARA",null,null,"0","0","0",null,null
9097,0,null,8106012,"CALETA EL BLANCO",null,null,8106,"CRISTINA ANTILLANCA","1",null,null," ",null,null,null,null,null,null,null,null,null,"PASAJE 3 PONIENTE CASA 21 SECTOR EL BLANCO",null,null,"0","0","0",null,null
9098,0,null,10101008,"PIOLIN",null,null,10101,"PILAR CASTILLO CASANOVA","1",null,null," ",null,null,null,null,null,null,"65-261960 - 99915131",null,null,"LOS ALERCES ESQ.PJE.1 POB.P. IBANEZ",null,null,"0","0","0",null,null
9099,33306,9,4201019,"COPITO DE NIEVE",null,null,4201,"PRISCILA CORREA CARRASCO","1",null,null," ",null,null,null,null,null,null,null,null,null,"SANTA VIRGINIA S/N",null,null,"0","0","0",null,null
9100,0,null,9105018,"EL TESORO",null,null,9105,"LEANDRA PENEIPIL MILLACAN","1",null,null," ",null,null,null,null,null,null,"9.4931350",null,null,"ESC. 437 CHUCAUCO",null,null,"0","0","0",null,null
9101,0,null,6301113,"LA ABEJITA",null,null,6301,"MIRIAM VALENZUELA MARQUEZ","1",null,null," ",null,null,null,null,null,null,"712001 09-3023931",null,null,"CAUPOLICAN S/N POB.LAUTARO MULTICANCHA",null,null,"0","0","0",null,null
9102,0,null,13118010,"HERMANN GMEINER",null,null,13118,"KARINA BERTEA ROJAS","1",null,null," ",null,null,null,null,null,null,"2215969",null,null,"ARMANDO PESANTE 4065",null,null,"0","0","0",null,null
9103,0,null,13111018,"VILLA SERENA",null,null,13111,"PATRICIA  CONTRERAS ATENAS","1",null,null," ",null,null,null,null,null,null,null,null,null,"SAN JOSE DE LA ESTRELLA N-1004",null,null,"0","0","0",null,null
9104,0,null,9112021,"PICHIKE ACHEWAL",null,null,9112,"GLADYS LLANQUINAO MANQUILIPE","1",null,null," ",null,null,null,null,null,null,null,null,null,"ESC. MUNICIPALIDAD CHAPOD",null,null,"0","0","0",null,null
9105,0,null,1101024,"GOTITAS DEL DESIERTO",null,null,1101,"MARIA ISABEL HERRERA OVALLE","1",null,null," ",null,null,null,null,null,null,"519536",null,null,"LOS LIMONEROS CON LAS ACACIAS ALTO HOSPICIO",null,null,"0","0","0",null,null
9106,0,null,13605010,"ESTACIONAL A",null,null,13605,"CATALINA SAAVEDRA-KAREN MARDON","1",null,null," ",null,null,null,null,null,null,"8125079",null,null,"ESC 666 POB EL GUINDAL",null,null,"0","0","0",null,null
9107,0,null,13403003,"ESTACIONAL A",null,null,13403,null,"1",null,null," ",null,null,null,null,null,null,null,null,null,"ESC LONQUEN NORTE",null,null,"0","0","0",null,null
9108,0,null,13403004,"ESTACIONAL C",null,null,13403,null,"1",null,null," ",null,null,null,null,null,null,null,null,null,"ESC POETIS G. MISTRAL I CARRERA PINTO S",null,null,"0","0","0",null,null
9109,0,null,13124022,"ESCUELA CIUDAD DE BRASILIA",null,null,13124,"CECILIA OPAZO","1",null,null," ",null,null,null,null,null,null,null,null,null,"CAMINO NOVICIADO C/CAMINO SIMON BOLIVAR",null,null,"0","0","0",null,null
9110,0,null,13301019,"ESTACIONAL C",null,null,13301,null,"1",null,null," ",null,null,null,null,null,null,null,null,null,"ESC ESMERALDA  CARRETERA SAN MARTIN",null,null,"0","0","0",null,null
9111,0,null,8406007,"PADRE HURTADO",null,null,8406,"YESSICA MANOSALVA DAVINSON","1",null,null," ",null,null,null,null,null,null,"42 2265432|09 67266513",null,null,"SOLIDARIDAD 1097. VILLA PADRE HURTADO II",null,null,"0","0","0",null,null
9112,0,null,10208002,"LAS HORMIGUITAS",null,null,10208,"VIVIANA VERA VELASQUEZ","1",null,null," ",null,null,null,null,null,null,"65 2682473",null,null,"PJE LOS SUSPIROS 1197 POB. BELLAVISTA",null,null,"0","0","0",null,null
9113,0,null,2203020,"PANHIR COTA CODCHAY",null,null,2203,"MARIA C. TEJERINA","1",null,null," ",null,null,null,null,null,null,null,null,null,"O'HIGGINS S/N CAMAR",null,null,"0","0","0",null,null
9114,33157,0,3301003,"RAYITO DE SOL",null,null,3301,"ROSA ELENA ARAYA GUERRERO","1",null,null," ",null,null,null,null,null,null,"51 2615289",null,null,"TUCAPEL S/N POBLACION RAFAEL TORREBLANCA",null,null,"0","0","0",null,null
9115,0,null,4101035,"FRAY ESCOBA",null,null,4101,"RUTH ROJAS ROJAS","1",null,null," ",null,null,null,null,null,null,null,null,null,"PJE. AURORA S/N COMPA%IA BAJA SECTOR VINA DEL MAR",null,null,"0","0","0",null,null
9116,0,null,4104007,"SIRENITA",null,null,4104,"PATRICIA AQUEA BARRAZA","1",null,null," ",null,null,null,null,null,null,null,null,null,"CALETA HORNOS",null,null,"0","0","0",null,null
9117,0,null,4105006,"LOS DUENDECITOS",null,null,4105,"CAROLINA ANTIQUERA S.","1",null,null," ",null,null,null,null,null,null,"451103",null,null,"CAMINO PUBLICO MONTE GRANDE ESCUELA G-75",null,null,"0","0","0",null,null
9118,33225,9,4102002,"PILLIN",null,null,4102,"JOHANA ROJAS SANTA CRUZ","1",null,null," ",null,null,null,null,null,null,"51 2242110|09 76963309",null,null,"TALCA ESQ. SOTOMAYOR POB. TIERRAS BLANCAS",null,null,"0","0","0",null,null
9119,0,null,4102024,"SAN LUIS",null,null,4102,"JULIA CASTRO DELGADO","1",null,null," ",null,null,null,null,null,null,null,null,null,"SAN MARTIN 1622",null,null,"0","0","0",null,null
9120,33356,5,4301032,"SELIM DABED GOLOTT",null,null,4301,"CARLA RAMIREZ SANTIBA@EZ","1",null,null," ",null,null,null,null,null,null,null,null,null,"CALLE LAS MORAS S/N PUEBLO DE LIMARI",null,null,"0","0","0",null,null
9121,0,null,4301037,"RAYITO DE SOL",null,null,4301,"ZOILA VILLALOBOS CORTES","1",null,null," ",null,null,null,null,null,null,null,null,null,"CALLE UNICA S/N LOS NOGALES",null,null,"0","0","0",null,null
9122,33360,3,4301042,"LOS PECESITOS",null,null,4301,"TERESA ALFARO ALFARO","1",null,null," ",null,null,null,null,null,null,null,null,null,"CALLE UNICA S/N SALALA",null,null,"0","0","0",null,null
9123,33410,3,4305005,"RAYITO DE SOL",null,null,4305,"ELIZABETH MILLA SALFATE","1",null,null," ",null,null,null,null,null,null,"09 73307409",null,null,"SERON",null,null,"0","0","0",null,null
9124,33413,8,4305008,"LAS BREVITAS",null,null,4305,"NANCY PASTEN PASTEN","1",null,null," ",null,null,null,null,null,null,"09 86952042",null,null,"LAS BREAS ESC. G-186",null,null,"0","0","0",null,null
9125,0,null,4305012,"CHANARCILLO",null,null,4305,"MONICA PIZARRO PLAZA","1",null,null," ",null,null,null,null,null,null,null,null,null,"EL CHANAR ESC. G-185",null,null,"0","0","0",null,null
9126,0,null,4303005,"CHASQUITA",null,null,4303,"NANCY SEGOVIA PIZARRO","1",null,null," ",null,null,null,null,null,null,null,null,null,"MONTERREY S/N ESC. G-229",null,null,"0","0","0",null,null
9127,0,null,4303011,"PIMPINELA",null,null,4303,"PATRICIA PINTO ROJAS","1",null,null," ",null,null,null,null,null,null,null,null,null,"CALLE UNICA S/N EL TOME ALTO",null,null,"0","0","0",null,null
9128,33388,3,4303015,"MANZANITA",null,null,4303,"JEANETT CORTES GOMEZ","1",null,null," ",null,null,null,null,null,null,null,null,null,"CALLE UNICA S/N EL PERALITO",null,null,"0","0","0",null,null
9129,33407,3,4304011,"LOS MOLINITOS",null,null,4304,"ANA ROJAS ROJAS","1",null,null," ",null,null,null,null,null,null,null,null,null,"CALLE UNICA S/N LOCALIDAD DE LAS RAMADAS",null,null,"0","0","0",null,null
9130,0,null,4201007,"BLANCA NIEVES",null,null,4201,"RUDY CARVAJAL TIRADO","1",null,null," ",null,null,null,null,null,null,null,null,null,"LIMAHUIDA ESC. G-342",null,null,"0","0","0",null,null
9131,33304,2,4201015,"LOS CARI?OSITOS",null,null,4201,"DANISA VALENTINA OGALDE NU@EZ","1",null,null," ",null,null,null,null,null,null,"09 65752163",null,null,"AV. CUZ CUZ 5999 VILLA SAN RAFAEL DE CUZ CUZ",null,null,"0","0","0",null,null
9132,0,null,4204006,"RAYITO DE SOL",null,null,4204,"CINTHYA BARRAZA VALVIDIA","1",null,null," ",null,null,null,null,null,null,null,null,null,"ESC. G.366 LA HIGUERILLA",null,null,"0","0","0",null,null
9133,33335,2,4204013,"LOS SIETE ENANITOS",null,null,4204,"KATIXA AVILA VEGA","1",null,null," ",null,null,null,null,null,null,"09 54973583",null,null,"CAM. PUBLICO S/N LOS CORRALES DE BATURO ESC. G-442",null,null,"0","0","0",null,null
9134,0,null,5401105,"SEMILLITA",null,null,5401,"ALEJANDRA GODOY GODOY","1",null,null," ",null,null,null,null,null,null,"33/714798",null,null,"ESCUELA G43 EL CARMEN LA LIGUA",null,null,"0","0","0",null,null
9135,0,null,5405103,"MARIPOSITA",null,null,5405,"BERTA SEPULVEDA","1",null,null," ",null,null,null,null,null,null,"33-285244/88450370",null,null,"ESCUELA G51 BLANQUILLO ZAPALLAR",null,null,"0","0","0",null,null
9136,0,null,5304101,"LOS OSITOS",null,null,5304,"EVELYN ARIAS ROJAS.","1",null,null," ",null,null,null,null,null,null,"34/481361",null,null,"LO CAMUS S/N, LO CALVO ESC. F-146",null,null,"0","0","0",null,null
9137,0,null,5702101,"LOS TIERNECITOS",null,null,5702,"GLORIA GONZALEZ VENEGAS","1",null,null," ",null,null,null,null,null,null,null,null,null,"PRINCIPAL S/N CERRILLOS ESC. G-89",null,null,"0","0","0",null,null
9138,0,null,5702103,"LOS ENANITOS",null,null,5702,"CAROLINA HERRERA MOLINA","1",null,null," ",null,null,null,null,null,null,"9-1325094",null,null,"LOCALIDAD DE LA COLONIA CATEMU",null,null,"0","0","0",null,null
9139,0,null,5704101,"TIPITIN",null,null,5704,"C.MUNOZ P - M.OSSES G.","1",null,null," ",null,null,null,null,null,null,null,null,null,"POBLACION LOS LIBERTADORES S/N",null,null,"0","0","0",null,null
9140,0,null,5501101,"OSO PANDA",null,null,5501,"GILDA LAZO RODRIGUEZ.","1",null,null," ",null,null,null,null,null,null,"351192",null,null,"BELLAVISTA S/N CERRRO MACAYA",null,null,"0","0","0",null,null
9141,0,null,5106104,"PULGARCITO",null,null,5106,"KAREN MARTINEZ","1",null,null," ",null,null,null,null,null,null,"2569942  9-1952776",null,null,"CALLE 7 0285 POB. ARGENTINA, PASO HONDO",null,null,"0","0","0",null,null
9142,0,null,5101101,"EL ANGELITO DE LA GUARDA",null,null,5101,"CELIA ARAYA","1",null,null," ",null,null,null,null,null,null,null,null,null,"CALLE LOS PEUMOS 853,CERRO ESPERANZA",null,null,"0","0","0",null,null
9143,33760,9,6106401,"LOS PITUFOS",null,null,6106,"FRESIA BUSTOS CABEZAS","1",null,null," ",null,null,null,null,null,null,"72 2471977",null,null,"CAMINO REAL 060 ESQUINA VALPARAISO",null,null,"0","0","0",null,null
9144,0,null,6104201,"EL MANZANITO",null,null,6104,"BIANCA ROJAS SEGURA","1",null,null," ",null,null,null,null,null,null,"95680603",null,null,"RUTA H31 S/N,EL MOLINO",null,null,"0","0","0",null,null
9145,0,null,6109102,"CUNCUNITA",null,null,6109,"CAROL NUNEZ ACEVEDO","1",null,null," ",null,null,null,null,null,null,"E689034 07-6334750",null,null,"ENRIQUE CACERES URBINA 531,ES-F239, PANQUEHUE",null,null,"0","0","0",null,null
9146,0,null,6111102,"LOS PITUFOS",null,null,6111,"LISETTE LEIVA GONZALEZ","1",null,null," ",null,null,null,null,null,null,"09 92403880",null,null,"CALLE MANUEL MONTT RUTA 40 OLIVAR BAJO",null,null,"0","0","0",null,null
9147,33806,0,6113105,"LOS POLLITOS",null,null,6113,"MARCELA CORNEJO DONOSO","1",null,null," ",null,null,null,null,null,null,"09 47719371",null,null,"CAMINO PUBLICO S/N  PICHIDEGUA KM 21",null,null,"0","0","0",null,null
9148,33837,0,6117105,"ARCOIRIS",null,null,6117,"MARIA JOSE YA@EZ GONZALEZ","1",null,null," ",null,null,null,null,null,null,"09 47719519",null,null,"CAM PUBLICO S/N PLAZA DE PENCAHUE ESC. F-158",null,null,"0","0","0",null,null
9149,0,null,6308401,"LOS PAMPANITOS",null,null,6308,"GLORIA GUERRERO CASTILLO","1",null,null," ",null,null,null,null,null,null,"858398 MUNICIPIO",null,null,"OSCAR GAJARDO N:76",null,null,"0","0","0",null,null
9150,0,null,6302103,"SEMILLITA",null,null,6302,"PAMELA SOTO","1",null,null," ",null,null,null,null,null,null,"E924045",null,null,"CAM. PUBLICO KM. 10 AUQUINCO ESC. F-320",null,null,"0","0","0",null,null
9151,33886,9,6302105,"NIDO FELIZ",null,null,6302,"SUSANA CACERES CASTRO","1",null,null," ",null,null,null,null,null,null,"09 47719520",null,null,"CAMINO PUBLICO KM 10 ESC.G313 RINC.JAUREGUI",null,null,"0","0","0",null,null
9152,0,null,6305102,"LOS TRUENITOS",null,null,6305,"NICE CATILLO","1",null,null," ",null,null,null,null,null,null,"09 87697230",null,null,"EL LLANO S/N,CABRERIA",null,null,"0","0","0",null,null
9153,0,null,6206101,"LOS CONEJITOS",null,null,6206,"ELIA GAETE ABARCA","1",null,null," ",null,null,null,null,null,null,"09-9634211 094509398",null,null,"CAM. EL POTRERO KM. 40 ESC.G328",null,null,"0","0","0",null,null
9154,0,null,6201102,"RAYITO DE SOL",null,null,6201,"MARITZA GONZALEZ MARCHANT","1",null,null," ",null,null,null,null,null,null,"E.842404 07-6275955",null,null,"AV. CAHUIL PUEBLO DE VIUDAS ESC.G-364",null,null,"0","0","0",null,null
9155,0,null,6306101,"RAYITO DE LUZ",null,null,6306,"EVA MARIA VALDES HUERTA","1",null,null," ",null,null,null,null,null,null,"ESC.933071 09-6201804",null,null,"KM 21 LOS OLMOS,ESC.F-290 JORGE ERRAZURIZ E.",null,null,"0","0","0",null,null
9156,34038,3,7301005,"RABITO",null,null,7301,"IVONNE CASTILLO DIAZ","1",null,null," ",null,null,null,null,null,null,"09 54042816",null,null,"VILLA UNION SARMIENTO S/N SIMON BOLIVAR",null,null,"0","0","0",null,null
9157,0,null,7307002,"GRILLITO",null,null,7307,"FRESIA QUEZADA","1",null,null," ",null,null,null,null,null,null,"7435301",null,null,"LO VALDIVIA",null,null,"0","0","0",null,null
9158,0,null,7307004,"LA HIGUERILLA",null,null,7307,"LILIANA HERRERA GUZMAN","1",null,null," ",null,null,null,null,null,null,null,null,null,"ESCUELA LA HIGUERILLA  G-309",null,null,"0","0","0",null,null
9159,0,null,7105001,"EL CANELO",null,null,7105,null,"1",null,null," ",null,null,null,null,null,null,"638208",null,null,"EL CANELO ESC. G-263, KM. 20 CMNO. A DUAO",null,null,"0","0","0",null,null
9160,0,null,7106003,"J. LABORAL LOS CARINOSITOS",null,null,7106,"ANA MARIA ROJAS BRAVO","1",null,null," ",null,null,null,null,null,null,"882154/221489",null,null,"CALLE SAN PEDRO S N PELARCO",null,null,"0","0","0",null,null
9161,0,null,7108002,"LOS REGALONCITOS",null,null,7108,"GEORGINA ROJAS","1",null,null," ",null,null,null,null,null,null,"491851",null,null,"SAN GERARDO CMNO. BOLSICO S N",null,null,"0","0","0",null,null
9162,34976,3,9201011,"LOS AROMITOS",null,null,9201,"GEMA INOSTROZA URRA","1",null,null," ",null,null,null,null,null,null,"09 54059795",null,null,"ESCUELA G-44 REDUCCION CHACAICO",null,null,"0","0","0",null,null
9163,34977,1,9201014,"JARDIN INFANTIL NAHUELBUTA",null,null,9201,"MARIBEL ALBARRAN BARRA","1",null,null," ",null,null,null,null,null,null,"09 42448537|09 78687882",null,null,"MILLARAY 1231 POBLAC.NAHUELBUTA",null,null,"0","0","0",null,null
9164,0,null,7109008,"LOS MONTES",null,null,7109,"CARMEN GLORIA ARENAS","1",null,null," ",null,null,null,null,null,null,null,null,null,"ESCUELA LOS MONTES G-190",null,null,"0","0","0",null,null
9165,34007,3,7110001,"LUCERITO",null,null,7110,"SANDRA RAMIREZ MIRA","1",null,null," ",null,null,null,null,null,null,"09 68446593",null,null,"CALLE SANTA BLANCA #5 ES.SAN RAFAEL",null,null,"0","0","0",null,null
9166,0,null,7102002,"ESTRELLITA",null,null,7102,"RUTH SOLIS/MAGALY SANDOVAL","1",null,null," ",null,null,null,null,null,null,null,null,null,"CRUCE EMPEDRADO POB. SANTA OLGA",null,null,"0","0","0",null,null
9167,0,null,7104002,"PELLINES 2",null,null,7104,"MARCELA FAUNDEZ FAUNDEZ","1",null,null," ",null,null,null,null,null,null,"09 51795815",null,null,"ESC.G-390 PELLINES 2",null,null,"0","0","0",null,null
9168,0,null,7104005,"ESCUELA MARIA OLGA VEGA",null,null,7104,"MARICEL FUENTES RODRIGUEZ","1",null,null," ",null,null,null,null,null,null,"09 44783732",null,null,"LA ORILLA CAMINO A SAUZAL",null,null,"0","0","0",null,null
9169,0,null,9208005,"LOS CAMARONCITOS",null,null,9208,null,"1",null,null," ",null,null,null,null,null,null,null,null,null,"ESCUELA G-46 VILLA TRANAMAN",null,null,"0","0","0",null,null
9170,0,null,9208006,"EL AMANECER",null,null,9208,null,"1",null,null," ",null,null,null,null,null,null,null,null,null,"ESCUELA G-66 - EL LINGUE",null,null,"0","0","0",null,null
9171,35047,8,9210002,"LOS CANTARITOS",null,null,9210,"LEONILDA SANDOVAL CASTILLO","1",null,null," ",null,null,null,null,null,null,"09 94414469",null,null,"IQUIQUE 285 - POBLACION LAS OBRAS",null,null,"0","0","0",null,null
9172,0,null,9101022,"LOS OSITOS",null,null,9101,"E.CONTRERAS-M.A.ALBARRAN","1",null,null," ",null,null,null,null,null,null,"089513881-090761751",null,null,"LAS NUTRIAS 1610 - POB. VISTA VERDE",null,null,"0","0","0",null,null
9173,34736,1,9101032,"CHINKOWE",null,null,9101,"SINDIA VENEGAS MIERES","1",null,null," ",null,null,null,null,null,null,"45 2231254",null,null,"CALLE MORENO 0435 - PUEBLO NUEVO",null,null,"0","0","0",null,null
9174,34127,4,7401007,"MI NIDITO",null,null,7401,"ALICIA FUENTES SEPULVEDA","1",null,null," ",null,null,null,null,null,null,"73 2218744|09 65687300",null,null,"LOS CERNICALOS S/N EL AMANECER, S. NUEVO AMANECER",null,null,"0","0","0",null,null