3270440,"17374518","4","ROJAS","MUNOZ","FERNANDO DANILO",2,"26-JUN-90",null,null,0,0,0,null,null,null,null,null,null,null,null,null
3270441,"19314299","0","HERNANDEZ","VERGARA","EXEQUIEL",2,"26-APR-96",null,null,0,0,0,null,null,null,null,null,null,null,null,null
3270442,"19320992","0","MARTINEZ","LEYTON","RODRIGO",2,"10-MAY-96",null,null,0,0,0,null,null,null,null,null,null,null,null,null
3270443,"19310853","9","MUNOZ","TREIMUN","EDUARDO",2,"07-MAY-96",null,null,0,0,0,null,null,null,null,null,null,null,null,null
3270444,"17429323","6","PADILLA","SALDANA","JOSE CARLOS",2,"07-AUG-90",null,null,0,0,0,null,null,null,null,null,null,null,null,null
3270445,"17665201","2","CACERES","CONTRERAS","GONZALO",2,"03-JAN-91",null,null,0,0,0,null,null,null,null,null,null,null,null,null
3270446,"19320996","3","MARTINEZ","ASTORGA","CARLOS IGNACIO",2,"26-MAY-96",null,null,0,0,0,null,null,null,null,null,null,null,null,null
3270447,"17677174","7","GONZALEZ","GONZALEZ","KATHERINE",1,"16-DEC-90",null,null,0,0,0,null,null,null,null,null,null,null,null,null
3270448,"17705233","7","HERNANDEZ","MORALES","AMBAR K",1,"26-JUL-90",null,null,0,0,0,null,null,null,null,null,null,null,null,null
3270449,"17737299","4","ALVAREZ","BECERRA","VICTOR JA",2,"17-SEP-90",null,null,0,0,0,null,null,null,null,null,null,null,null,null
3270450,"19484148","5","PLAZA","PAULIN","HERUS RODRIGO",2,"29-OCT-96",null,null,0,0,0,null,null,null,null,null,null,null,null,null
3270451,"18003658","K","JAIME","PINTO","MEYLING VANESA",1,"29-JUN-92",null,null,0,0,0,null,null,null,null,null,null,null,null,null
3270452,"18317755","9","ROJAS","GONZALEZ","DANIEL E",2,"27-APR-93",null,null,0,0,0,null,null,null,null,null,null,null,null,null
3270453,"18633040","4","SANTANDER","DIAZ","CONSTANZA",1,"09-MAR-94",null,null,0,0,0,null,null,null,null,null,null,null,null,null
3270454,"18011768","7","COLLAO","BARRIOS","ESTEBAN",2,"18-MAY-92",null,null,0,0,0,null,null,null,null,null,null,null,null,null
3270455,"18012544","2","GARCIA","MARAMBIO","GABRIELA",1,"31-AUG-92",null,null,0,0,0,null,null,null,null,null,null,null,null,null
3270456,"18011035","6","CORTES","IBANEZ","NICOLE ALEJANDR",1,"04-FEB-92",null,null,0,0,0,null,null,null,null,null,null,null,null,null
3270457,"18687701","2","ALFARO","PIZARRO","SERGIO CESAR",2,"30-JUN-93",null,null,0,0,0,null,null,null,null,null,null,null,null,null
3270458,"18010817","3","ARAYA","ALVAREZ","ALVARO N",2,"20-DEC-91",null,null,0,0,0,null,null,null,null,null,null,null,null,null
3270459,"1107","F","ARAYA","BRICENO","ALEXIS BASTIAN",2,"01-APR-93",null,null,0,0,0,null,null,null,null,null,null,null,null,null
3270460,"1113","F","CEPEDA","LARGO","BARBARA JACQUEL",1,"29-SEP-92",null,null,0,0,0,null,null,null,null,null,null,null,null,null
3270461,"1115","F","CORTES","ZAMORA","MARCELO",2,"16-NOV-93",null,null,0,0,0,null,null,null,null,null,null,null,null,null
3270462,"1117","F","GALLARDO","GALLEGUILLOS","JORDAN MAICOL",2,"09-DEC-93",null,null,0,0,0,null,null,null,null,null,null,null,null,null
3270463,"1122","F","RODRIGUEZ","PAEZ","SEBASTIAN",2,"14-OCT-93",null,null,0,0,0,null,null,null,null,null,null,null,null,null
3270464,"1123","F","TORRES","CARMONA","EMILIO",2,"09-APR-93",null,null,0,0,0,null,null,null,null,null,null,null,null,null
3270465,"1124","F","VITALI","TORRES","ANGELO GIUSSEPP",2,"07-MAY-93",null,null,0,0,0,null,null,null,null,null,null,null,null,null
3270466,"18316988","2","LOPEZ","ALCAYAGA","ROCIO",1,"30-DEC-92",null,null,0,0,0,null,null,null,null,null,null,null,null,null
3270467,"18520027","2","DIAZ","HENRIQUEZ","ALAN ROBINSON",2,"02-NOV-93",null,null,0,0,0,null,null,null,null,null,null,null,null,null
3270468,"18519929","0","GOMEZ","RETAMAL","IGNACIO JOSE",2,"07-SEP-93",null,null,0,0,0,null,null,null,null,null,null,null,null,null
3270469,"18416488","4","ARAYA","VERGARA","MADELINE",1,"17-JUN-93",null,null,0,0,0,null,null,null,null,null,null,null,null,null
3270470,"18415168","5","MARQUEZ","SALAZAR","PRISCILA A",1,"09-FEB-93",null,null,0,0,0,null,null,null,null,null,null,null,null,null
3270471,"18405548","1","INZUNZA","RIVAS","ENRIQUE",2,"05-MAR-93",null,null,0,0,0,null,null,null,null,null,null,null,null,null
3270472,"18108970","9","SPRINGINSFELD","GARCES","FRANCISCO",2,"07-APR-92",null,null,0,0,0,null,null,null,null,null,null,null,null,null
3270473,"18417303","4","SPRINGINSFELD","GARCES","IGNACIO",2,"28-MAR-93",null,null,0,0,0,null,null,null,null,null,null,null,null,null
3270474,"18415381","5","BUSTOS","SANCHEZ","ROBERTO ADR",2,"17-MAR-93",null,null,0,0,0,null,null,null,null,null,null,null,null,null
3270475,"18415480","3","MERINO","AVILA","NELSON",2,"26-MAY-92",null,null,0,0,0,null,null,null,null,null,null,null,null,null
3270476,"18108944","K","CONTRERAS","TRONCOSO","SOFIA",1,"17-MAY-92",null,null,0,0,0,null,null,null,null,null,null,null,null,null
3270477,"18111264","6","CONSTANZO","AGUAYO","DANIEL ES",2,"27-OCT-92",null,null,0,0,0,null,null,null,null,null,null,null,null,null
3270478,"18110146","6","VALDEBENITO","CABEZA","DIEGO ARM",2,"06-AUG-92",null,null,0,0,0,null,null,null,null,null,null,null,null,null
3270479,"18109177","0","FICA","URRA","JUAN CARLOS",2,"05-JUN-92",null,null,0,0,0,null,null,null,null,null,null,null,null,null
3270480,"18417433","2","CHAVEZ","GONZALEZ","JAQUELINE A",1,"10-SEP-93",null,null,0,0,0,null,null,null,null,null,null,null,null,null
3270481,"18812622","7","COLPOZ","CABEZA","MATIAS FRANC",2,"12-JAN-94",null,null,0,0,0,null,null,null,null,null,null,null,null,null
3270482,"18227869","6","GANGAS","FLORES","CARLOS FRANC",2,"10-JAN-93",null,null,0,0,0,null,null,null,null,null,null,null,null,null
3270483,"18225245","K","ALARCON","CASTILLO","FABIAN",2,"07-APR-92",null,null,0,0,0,null,null,null,null,null,null,null,null,null
3270484,"18571696","1","CACERES","HERRERA","BARBARA",1,"26-MAY-93",null,null,0,0,0,null,null,null,null,null,null,null,null,null
3270485,"18572973","7","COFRE","MALDONADO","ROXANA",1,"13-NOV-93",null,null,0,0,0,null,null,null,null,null,null,null,null,null
3270486,"17214741","0","MEDEL","HERRERA","BERNARDITA",1,"04-NOV-89",null,null,0,0,0,null,null,null,null,null,null,null,null,null
3270487,"18476407","5","QUEZADA","MORENO","CRISTIAN",2,"18-DEC-93",null,null,0,0,0,null,null,null,null,null,null,null,null,null
3270488,"18228706","7","VALENZUELA","JARA","RENE",2,"08-MAY-93",null,null,0,0,0,null,null,null,null,null,null,null,null,null
3270489,"18175729","9","VALENZUELA","JARA","VALESKA",1,"01-JUN-92",null,null,0,0,0,null,null,null,null,null,null,null,null,null
3270490,"18202752","9","RIVERA","RETAMAL","CLAUDIO MAU",2,"03-OCT-92",null,null,0,0,0,null,null,null,null,null,null,null,null,null
3270491,"18519922","3","MALIQUEO","ORELLANA","VICTORIA CON",1,"07-OCT-93",null,null,0,0,0,null,null,null,null,null,null,null,null,null
3270492,"18202578","K","ORELLANA","LARA","ELIZABETH ELENA",1,"30-JUN-92",null,null,0,0,0,null,null,null,null,null,null,null,null,null
3270493,"18202681","6","YEVENEZ","SANHUEZA","GERALDINE M",1,"14-SEP-92",null,null,0,0,0,null,null,null,null,null,null,null,null,null
3270494,"18721874","8","CARRIZO","SALAS","FRANCISCA",1,"13-JAN-94",null,null,0,0,0,null,null,null,null,null,null,null,null,null
3270495,"17883285","9","REYES","FARFAN","CONSUELO",1,"10-MAR-92",null,null,0,0,0,null,null,null,null,null,null,null,null,null
3270496,"17984651","9","CACERES","CESPEDES","CAMILO",2,"25-APR-92",null,null,0,0,0,null,null,null,null,null,null,null,null,null
3270497,"1169","F","MUNOZ","MUNOZ","ANGELICA",1,"17-OCT-93",null,null,0,0,0,null,null,null,null,null,null,null,null,null
3270498,"1170","F","NAVARRO","MUNOZ","MARIA SOFIA",1,"25-OCT-93",null,null,0,0,0,null,null,null,null,null,null,null,null,null
3270499,"18265987","8","SALINAS","GONZALEZ","DIEGO",2,"14-APR-93",null,null,0,0,0,null,null,null,null,null,null,null,null,null
3270500,"18252555","3","VALENZUELA","NUNEZ","ESPERANZA",1,"02-AUG-92",null,null,0,0,0,null,null,null,null,null,null,null,null,null
3270501,"1171","F","BRAVO","REY","CAROLINA ELIZAB",1,"24-JUN-93",null,null,0,0,0,null,null,null,null,null,null,null,null,null
3270502,"18227205","1","ROJAS","PONCE","LEANDRO ED",2,"21-DEC-92",null,null,0,0,0,null,null,null,null,null,null,null,null,null
3270503,"18226387","7","GARRIDO","VALDEZ","CRISTIAN",2,"17-AUG-92",null,null,0,0,0,null,null,null,null,null,null,null,null,null
3270504,"18037667","4","TAPIA","GAETE","JOSE IGNACIO",2,"01-AUG-92",null,null,0,0,0,null,null,null,null,null,null,null,null,null
3270505,"18150164","2","BARRERA","SAEZ","FRANCISCA",1,"24-AUG-92",null,null,0,0,0,null,null,null,null,null,null,null,null,null
3270506,"18241151","5","FUENZALIDA","GALVEZ","NATALIE",1,"06-MAR-93",null,null,0,0,0,null,null,null,null,null,null,null,null,null
3270507,"18515279","0","CAMPOS","QUIROGA","VICENTE",2,"18-MAR-93",null,null,0,0,0,null,null,null,null,null,null,null,null,null
3270508,"18515784","9","ARAYA","VALENZUELA","FRANCISCA",1,"18-JUN-93",null,null,0,0,0,null,null,null,null,null,null,null,null,null
3270509,"18229514","0","VARGAS","CARIS","MYRIAM FERNANDA",1,"16-JUL-92",null,null,0,0,0,null,null,null,null,null,null,null,null,null
3270510,"17992885","K","PEREZ","RIFO","MIGUEL ANGEL",2,"12-FEB-92",null,null,0,0,0,null,null,null,null,null,null,null,null,null
3270511,"18229717","8","BRAVO","DIEZ DE MEDINA","JOCELYN",1,"25-AUG-92",null,null,0,0,0,null,null,null,null,null,null,null,null,null
3270512,"18065560","3","GONZALEZ","CAMPOS","MARIA F",1,"11-AUG-92",null,null,0,0,0,null,null,null,null,null,null,null,null,null
3270513,"18515639","7","DIEZ","DIEZ","MARIA DEL PILAR",1,"07-MAY-93",null,null,0,0,0,null,null,null,null,null,null,null,null,null
3270514,"17432840","4","MONTENEGRO","MONTENEGRO","CAMILA",1,"09-JUL-90",null,null,0,0,0,null,null,null,null,null,null,null,null,null
3270515,"17609701","9","NAVARRO","APABLAZA","CARLOS",2,"13-SEP-90",null,null,0,0,0,null,null,null,null,null,null,null,null,null
3270516,"18871317","3","MANQUILEPE","MANQUILEPE","FREDY ANDRES",2,"14-DEC-94",null,null,0,0,0,null,null,null,null,null,null,null,null,null
3270517,"18963233","9","SALAS","LEMARIE","VICTORIA DEL C.",1,"23-JAN-95",null,null,0,0,0,null,null,null,null,null,null,null,null,null
3270518,"19067797","4","CASTILLANA","TRARO","STEPHANIE",1,"27-MAR-95",null,null,0,0,0,null,null,null,null,null,null,null,null,null
3270519,"18870403","4","DIAZ","ALVAREZ","BAYRON A.",2,"03-AUG-94",null,null,0,0,0,null,null,null,null,null,null,null,null,null
3270520,"18492805","1","MARIPAN","RAILAF","ELIAS PATRICIO",2,"05-JUN-94",null,null,0,0,0,null,null,null,null,null,null,null,null,null
3270521,"18963051","4","CARDENAS","VEGA","MIGUEL ANGEL",2,"01-JAN-95",null,null,0,0,0,null,null,null,null,null,null,null,null,null
3270522,"18963364","5","LOPEZ","IBANEZ","ANDREA C.",1,"02-FEB-95",null,null,0,0,0,null,null,null,null,null,null,null,null,null
3270523,"17432824","2","ULLOA","ROJAS","HANS",2,"27-JUL-90",null,null,0,0,0,null,null,null,null,null,null,null,null,null
3270524,"18870111","6","VERA","SILVA","KATALINA",1,"30-JUN-94",null,null,0,0,0,null,null,null,null,null,null,null,null,null
3270525,"18847681","3","TORRES","AGUAYO","VICTOR SIMON",2,"30-JUL-94",null,null,0,0,0,null,null,null,null,null,null,null,null,null
3270526,"60645","F","CIFUENTES","ARANEDA","DANIELA",1,"02-NOV-95",null,null,0,0,0,null,null,null,null,null,null,null,null,null
3270527,"60646","F","SALDIVIA","VEGA","JONATHAN",2,"09-NOV-94",null,null,0,0,0,null,null,null,null,null,null,null,null,null
3270528,"18821027","9","ZAMBRANO","VERGARA","RODRIGO",2,"21-DEC-93",null,null,0,0,0,null,null,null,null,null,null,null,null,null
3270529,"19108191","9","SEGUEL","SALGADO","DANIELA",1,"02-MAY-95",null,null,0,0,0,null,null,null,null,null,null,null,null,null
3270530,"18948483","6","LEYTON","BRIONES","CATALINA",1,"16-JAN-95",null,null,0,0,0,null,null,null,null,null,null,null,null,null
3270531,"19055887","8","LOPEZ","PAQUOT","GIANINA",1,"22-APR-95",null,null,0,0,0,null,null,null,null,null,null,null,null,null
3270532,"18788490","K","NUNEZ","PALMA","FIDEL",2,"25-NOV-94",null,null,0,0,0,null,null,null,null,null,null,null,null,null
3270533,"18859388","7","MONROY","MONROY","GABRIEL",2,"15-FEB-95",null,null,0,0,0,null,null,null,null,null,null,null,null,null
3270534,"18862491","K","ONATE","MONTANO","FRANCO",2,"16-DEC-94",null,null,0,0,0,null,null,null,null,null,null,null,null,null
3270535,"18926030","K","PAVEZ","NAVEAS","ROCIO",1,"26-SEP-94",null,null,0,0,0,null,null,null,null,null,null,null,null,null
3270536,"18950114","5","RIVERA","BONACIH","MAXIMILIANO",2,"11-APR-95",null,null,0,0,0,null,null,null,null,null,null,null,null,null
3270537,"18007035","4","AREVALO","ZAMORANO","JAVIERA",1,"06-AUG-92",null,null,0,0,0,null,null,null,null,null,null,null,null,null
3270538,"18012234","6","TORRES","ARAYA","YERKO ITALO",2,"06-JUN-92",null,null,0,0,0,null,null,null,null,null,null,null,null,null
3270539,"18313571","6","TABILO","ORTUNO","SILVIA A.",1,"27-JUL-92",null,null,0,0,0,null,null,null,null,null,null,null,null,null