1, 'REGION DE TARAPACA', 1
2, 'REGION DE ANTOFAGASTA', 2
3, 'REGION DE ATACAMA', 3
4, 'REGION DE COQUIMBO', 4
5, 'REGION DE VALPARAISO', 5
6, 'REGION DEL LIB. GRAL. BERNARDO O HIGGINS', 6
7, 'REGION DEL MAULE', 7
8, 'REGION DEL BIOBIO', 8
9, 'REGION DE DE LA ARAUCANIA', 9
10, 'REGION DE LOS LAGOS', 10
11, 'REGION DE AYSEN DEL GRAL. CARLOS IBANEZ', 11
12, 'REGION DE MAGALLANES Y LA ANTARTICA', 12
13, 'REGION METROPOLITANA DE SANTIAGO', 13
14, 'REGION DE LOS RIOS', 14
15, 'REGION DE ARICA Y PARINACOTA', 15
16, 'REGION DE NUBLE', 16